SOURCE	DESTINATION	MLX5_0_Gbps	MLX5_1_Gbps	COMBINED_Gbps	RESULT
weka68	weka60	196.04	196.04	392.08	COMPLETED
weka60	weka68	195.03	195.21	390.24	COMPLETED
weka68	weka49	196.03	196.03	392.06	COMPLETED
weka49	weka68	195.16	195.06	390.22	COMPLETED
weka68	weka40	196.04	196.04	392.08	COMPLETED_LOG_COLLECTION_WARNING
weka40	weka68	195.24	195.19	390.43	COMPLETED
weka60	weka49	392.07	392.08	784.15	COMPLETED
weka49	weka60	392.06	372.93	764.99	COMPLETED
weka60	weka40	392.05	392.05	784.10	COMPLETED
weka40	weka60	392.05	372.88	764.93	COMPLETED
weka49	weka40	392.05	392.05	784.10	COMPLETED
weka40	weka49	392.08	392.07	784.15	COMPLETED
