HOST	RESULT
weka40	PASS_REBOOT_VALIDATED_WARNINGS_REVIEW
weka41	PASS_REBOOT_VALIDATED_WARNINGS_REVIEW
weka42	PASS_REBOOT_VALIDATED_WARNINGS_REVIEW
weka43	PASS_REBOOT_VALIDATED_WARNINGS_REVIEW
weka45	PASS_REBOOT_VALIDATED_WARNINGS_REVIEW
weka46	PASS_REBOOT_VALIDATED_WARNINGS_REVIEW
weka47	PASS_REBOOT_VALIDATED_WARNINGS_REVIEW
weka49	PASS_REBOOT_VALIDATED_WARNINGS_REVIEW
weka50	PASS_REBOOT_VALIDATED_WARNINGS_REVIEW
weka51	PASS_REBOOT_VALIDATED_WARNINGS_REVIEW
weka52	PASS_REBOOT_VALIDATED_WARNINGS_REVIEW
weka53	PASS_REBOOT_VALIDATED_WARNINGS_REVIEW
weka54	PASS_REBOOT_VALIDATED_WARNINGS_REVIEW
weka55	PASS_REBOOT_VALIDATED_WARNINGS_REVIEW
weka56	PASS_REBOOT_VALIDATED_WARNINGS_REVIEW
weka57	PASS_REBOOT_VALIDATED_WARNINGS_REVIEW
weka58	PASS_REBOOT_VALIDATED_WARNINGS_REVIEW
weka63	PASS_REBOOT_VALIDATED_WARNINGS_REVIEW
weka65	PASS_REBOOT_VALIDATED_WARNINGS_REVIEW
weka70	PASS_REBOOT_VALIDATED_WARNINGS_REVIEW
weka71	PASS_REBOOT_VALIDATED_WARNINGS_REVIEW
weka72	PASS_REBOOT_VALIDATED_WARNINGS_REVIEW
weka73	PASS_REBOOT_VALIDATED_WARNINGS_REVIEW
weka74	PASS_REBOOT_VALIDATED_WARNINGS_REVIEW
weka75	PASS_REBOOT_VALIDATED_WARNINGS_REVIEW
weka76	PASS_REBOOT_VALIDATED_WARNINGS_REVIEW
weka77	PASS_REBOOT_VALIDATED_WARNINGS_REVIEW
